step	acc
0	0.23335851365281857
1	1.3374395494188114
2	2.2188024736334557
3	2.9635592353874127
4	4.115648557441837
5	5.435102066208715
6	6.387985409400985
7	7.0216132154280295
8	7.93259672182295
9	8.854860587741479
